{
    "CLINIQUE DU PARC - LYON 6, 155 Boulevard de Stalingrad, 69006 LYON": [45.772138530687464, 4.859026866575731],
    "TAKE A WASTE-CLINIQUE SAINT LOUIS, 1 RUE BASSET, 78300 POISSY": [48.93066926261777, 2.0379382277875187],
    "ELSAN – CLINIQUE BELLEDONNE, 83 avenue Gabriel Peri, 38400 ST MARTIN D HERES": [45.186994942274396, 5.760441797234924],
    "CLINIQUE DU SPORT, 4 RUE GEORGES NEGREVERGNE, 33700 MERIGNAC": [44.817675513654365, -0.677791302779617],
    "TAKE A WASTE/CLINIQUE BOUCHARD (13), 77 RUE DU DOCTEUR ESCAT, 13006 MARSEILLE": [43.28291030090921, 5.379711672302588],
    "POLYCLINIQUE LES FLEURS/OLLIOULES, 332 AV FREDERIC MISTRAL, 83190 OLLIOULES": [43.12724606840041, 5.879073112496569],
    "CENTRE OPHTALMOLOGIQUE KLEBER -LYO6, 50 Cours Franklin Roosevelt, 69006 LYON": [45.76918721724383, 4.848638341434371],
    "HOTEL CAMPANILE 77 BUSSY, 8 AVENUE MARIE CURIE, 77600 BUSSY-SAINT-GEORGES": [48.83220671982661, 2.7048376243718977],
    "EHPAD DOMUSVI LA LANDE SAINT-MARTIN, 11 Rue des Garottières, 44115 HAUTE GOULAINE": [47.18266947134534, -1.419556460355511],
    "TAKE A WASTE/KFC AUBAGNE, CENTRE COMMERCIAL BARREAUD LA MARTE, 13400 AUBAGNE": [43.2950886646414, 5.589705797161746],
    "CAMPANILE NEVERS, Rue Louise Michel, 58640 VARENNES VAUZELLES": [47.01575310340019, 3.1503392684729725],
    "HOPITAL  ST MARTIN, ALLEE DES TULIPES HOPITAL PRIVE ST MARTIN DALLE BETON, 33600 PESSAC": [44.78980019378467, -0.6293887355925467],
    "HOTEL KYRIAD SOISSONS, Rue Jacques Brel, 2200 SOISSONS": [49.36557577566234, 3.312083539735659],
    "CLINIQUE GUILLAUME DE VARYE - BOURG, 210 Route de Vouzeron, 18230 ST DOULCHARD": [47.10807630928418, 2.3559771126531492],
    "TAKE A WASTE/HOTEL CAMPANILE/NICE, 459 PROMENADE DES ANGLAIS NO VOIE 45 ZAC DE L ARENAS, 6200 NICE": [43.82824979719888, 7.239756608930455],
    "CAMPANILE TRIGNAC, Rue du Morta, 44570 TRIGNAC": [47.30058392748173, -2.2104828023975416],
    "TAKE A WASTE/EHPAD EMERA/AIX, 14 AVENUE DU GENERAL PREAUD, 13100 AIX EN PROVENCE": [43.51995456767633, 5.474818654840858],
    "T.A.W/EPHAD EMERA EAU VIVE/DRAP, 1 PL LÉNINE, 6340 DRAP": [43.75180656947698, 7.32160554135558],
    "HOTEL DU LOUVRE/TAKE WASTE/PARIS 01, 172 RUE DE RIVOLI, 75001 PARIS 01": [48.86312467490325, 2.3357070550555137],
    "HOTEL MARRIOTT/TAKE A WASTE/PARIS8, 55 RUE DE PONTHIEU, 75008 PARIS": [48.871973287424844, 2.311661650168202],
    "KFC – CCIAL GALERIE BEAULIEU, 2 AVENUE LAFAYETTE, 86000 POITIERS": [46.57464564792753, 0.372216670302007],
    "HOTEL PREMIERE CLASSE VALENCE NORD, Zone du passage du buis, 26320 ST MARCEL LES VALENCE": [44.959019484046166, 4.94083998003777],
    "TAKE A WASTE - SAS LE JARDIN DES LO, Le Bourg, 17150 ST BONNET SUR GIRONDE": [45.35326405451243, -0.6600960892643849],
    "POLYCLINIQUE DE L EUROPE - ST NAZAI, 33 Boulevard de l'Université, 44600 ST NAZAIRE": [47.253036347233504, -2.2663343891879166],
    "EMERA LAC DE MAINE-BOUCHEMAINE, 18 Route d'Angers, 49080 BOUCHEMAINE": [47.45292263276956, -0.5982370962851277],
    "RESIDENCE LA CARRAIRADE/LE ROVE, RUE DE DEVEN, 13740 LE ROVE": [43.36701176175232, 5.249799454835062],
    "POLE SANTE SUD-ELSAN-LE MANS, 28 rue de Guetteloup, 72100 LE MANS": [47.96603999698217, 0.2260773568649463]
}
